{"regression_metrics": {"mse": {"value": 141.2477664143218}, "rmse": {"value": 11.88477035597751}, "r2": {"value": 0.8294385302936675}}}