{"regression_metrics": {"mse": {"value": 139.77065912205086}, "rmse": {"value": 11.82246417300771}, "r2": {"value": 0.8312221874592235}}}