{"regression_metrics": {"mse": {"value": 54.82165210174996}, "rmse": {"value": 7.404164510716247}, "r2": {"value": 0.9338009952895394}}}