{"regression_metrics": {"mse": {"value": 73.54489906386944}, "rmse": {"value": 8.575832266542381}, "r2": {"value": 0.9111920394058313}}}