{"regression_metrics": {"mse": {"value": 107.18791210000003}, "rmse": {"value": 10.353159522580537}, "r2": {"value": 0.870566959842025}}}