{"regression_metrics": {"mse": {"value": 160.93644851065105}, "rmse": {"value": 12.686073013767935}, "r2": {"value": 0.8056637787334887}}}