{"regression_metrics": {"mse": {"value": 70.68128249999998}, "rmse": {"value": 8.407216096901518}, "r2": {"value": 0.9146499535534878}}}