{"regression_metrics": {"mse": {"value": 72.91565749999998}, "rmse": {"value": 8.539066547345792}, "r2": {"value": 0.9119518699409144}}}