{"regression_metrics": {"mse": {"value": 139.32602122107966}, "rmse": {"value": 11.803644404211763}, "r2": {"value": 0.8317591028087684}}}