{"regression_metrics": {"mse": {"value": 48.9332341336533}, "rmse": {"value": 6.995229383919679}, "r2": {"value": 0.940911459747701}}}