{"regression_metrics": {"mse": {"value": 75.48959812499997}, "rmse": {"value": 8.688475017228281}, "r2": {"value": 0.9088437493165564}}}