{"regression_metrics": {"mse": {"value": 54.727056117833556}, "rmse": {"value": 7.397773727131262}, "r2": {"value": 0.9339152231492407}}}