{"regression_metrics": {"mse": {"value": 76.42246812499998}, "rmse": {"value": 8.741994516413287}, "r2": {"value": 0.9077172771444003}}}